id,nom,description,url publique,url API,fichiers,indicateur qualité,qualité,service producteur,nombre réutilisation,tags,groups,territorial coverage,territorial coverage granularity,temporal_coverage_from,temporal_coverage_to,license,revision
les-polices-municipales-par-commune,Les polices municipales par commune,"Le fichier recense pour l'année 2012 les communes de votre département ayant un service de police municipale et contient :

- le nombre de policiers municipaux,
- le nombre d'agents de surveillance de la voie publique,
- le nombre de gardes-champêtres,
- le nombre de centres de supervision urbaine (CSU).

Les polices municipales sont régies par le code général des collectivités territoriales, le code de procédure pénale et le livre V du code de la sécurité intérieure, qui ont défini leur organisation et leur fonctionnement. Placés sous l’autorité des maires, les agents de police municipale disposent de compétences de police administrative et de certaines compétences de police judiciaire définies par la loi, qu’ils exercent sous le contrôle du procureur de la République.



![Explorer Data.gouv.fr](http://i.imgur.com/ssKfqQL.png?2 ""Explorer Data.gouv.fr"")
**Découvrez en bas de cette page les contributions de la communauté data.gouv.fr en lien avec ce jeu de données **

 ",http://www.data.gouv.fr/fr/dataset/les-polices-municipales-par-commune,http://www.data.gouv.fr/api/3/action/package_show?id=les-polices-municipales-par-commune,"Données statistiques relatives aux polices municipales - année 2012
XLS: https://www.data.gouv.fr/storage/f/2014-01-16T18-34-21/police_municipale_donnees_2012%20.xls","",,,5,"2012, communes, dlpaj, polices municipales",territoires-et-transports,Country/FR/FRANCE,commune,2012-01-01,2012-01-31,Licence Ouverte / Open Licence / http://www.data.gouv.fr/Licence-Ouverte-Open-Licence,2014-02-17T18:25:59.885624
barometre-du-3eme-trimestre-2011-30379504,Baromètre du 3ème trimestre 2011,"Baromètre des mois de Juillet, Août et Septembre 2011",http://www.data.gouv.fr/fr/dataset/barometre-du-3eme-trimestre-2011-30379504,http://www.data.gouv.fr/api/3/action/package_show?id=barometre-du-3eme-trimestre-2011-30379504,"
PDF: http://static.data.gouv.fr/27/d8dc4dde682514090bded608e2f683242ab8922d9d458a8aa4889e773338d3.pdf","",,,0,"",societe,MetropoleOfCountry/FR/FRANCE METROPOLITAINE,,2011-07-01,2011-10-01,Licence Ouverte / Open Licence / http://www.data.gouv.fr/Licence-Ouverte-Open-Licence,2013-09-05T09:52:16.131757
barometre-mensuel-de-l-accidentalite-octobre-2011-30379748,Baromètre mensuel de l'accidentalité : Octobre 2011,"Ce document présente les données de l'accidentalité (accidents corporels, personnes tuées à 30 jours, personnes blessées dont hospitalisées) du mois à partir d'un dispositif de remontées rapides de ces informations assurées en fin de mois par les forces de l'ordre.",http://www.data.gouv.fr/fr/dataset/barometre-mensuel-de-l-accidentalite-octobre-2011-30379748,http://www.data.gouv.fr/api/3/action/package_show?id=barometre-mensuel-de-l-accidentalite-octobre-2011-30379748,"
PDF: http://static.data.gouv.fr/5f/35b2c2b55788d2d31fd63d014857549daf88c6994e271b82bc56597bdc397c.pdf","",,,0,"",societe,Country/FR/FRANCE,,2011-10-01,2011-10-31,Licence Ouverte / Open Licence / http://www.data.gouv.fr/Licence-Ouverte-Open-Licence,2013-09-05T09:47:30.304537
evolution-des-nationalites-des-porteurs-de-faux-documents,Evolution des nationalités des porteurs de faux documents,Immigration irrégulière : La lutte contre les fraudes à l'identité et à la fraude documentaire (Les orientations de la politique de l’immigration),http://www.data.gouv.fr/fr/dataset/evolution-des-nationalites-des-porteurs-de-faux-documents,http://www.data.gouv.fr/api/3/action/package_show?id=evolution-des-nationalites-des-porteurs-de-faux-documents,"
XLS: http://static.data.gouv.fr/d4/3dfe0ee5a23150a0030b9de58cf094f770fe8a4a8bc1ab13db21dc14700d11.xls","",,,0,évolution,"",Country/FR/FRANCE,"",2010-01-01,2011-12-31,Licence Ouverte / Open Licence / http://www.data.gouv.fr/Licence-Ouverte-Open-Licence,2013-12-03T15:22:12.577798
videoprotection-implantation-des-cameras-551635-fork-ce76b5,Vidéoprotection - Implantation des caméras,Implantation des caméras prévues par le plan de vidéoprotection pour Paris (été 2012).200 caméras sont opérationnelles pour la mise en service de la première tranche du projet le 21 décembre 2011. 1105 caméras seront opérationnelles pour la livraison globale du système PVPP prévue à l'été 2012,http://www.data.gouv.fr/fr/dataset/videoprotection-implantation-des-cameras-551635-fork-ce76b5,http://www.data.gouv.fr/api/3/action/package_show?id=videoprotection-implantation-des-cameras-551635-fork-ce76b5,"
shp: http://static.data.gouv.fr/15/d13db394caa77f69785db8a4862a5ad27dd0561e7c80cbf24adfab4e2232e8.zip

Télécharger Vidéoprotection - Implantation des caméras - pdf
: http://static.data.gouv.fr/a1/1f350e1e24f4729035ac5d8d5db4d6aa0e82a1e0d0ffdd0c2566439f411f59.zip","",,,0,"dispositif-de-securite, police, securite-publique, surveillance, videosurveillance","",Country/FR/FRANCE,"",2011-12-21,2012-08-31,Licence Ouverte / Open Licence / http://www.data.gouv.fr/Licence-Ouverte-Open-Licence,2013-12-03T15:09:47.591468
elections-europeennes-2009-resultats-571329,Elections européennes 2009 - Résultats,Résultats des élections européennes de 2009 par communes pour les départements 01 à 49,http://www.data.gouv.fr/fr/dataset/elections-europeennes-2009-resultats-571329,http://www.data.gouv.fr/api/3/action/package_show?id=elections-europeennes-2009-resultats-571329,"
XLS: http://static.data.gouv.fr/23/6f086ac5c360ef6670820691b9ec33d03db5c26855491a360646c245b50bca.xls","",,,0,"",societe,Country/FR/FRANCE,,2012-11-23,2012-11-23,Licence Ouverte / Open Licence / http://www.data.gouv.fr/Licence-Ouverte-Open-Licence,2013-09-04T15:09:09.714192
elections-senatoriales-2001-resultats-572098,Elections sénatoriales 2001 – Résultats,"Résultats des élections sénatoriales de 2001, scrutin majoritaire, tours 1 et 2, scrutin proportionnel et liste des élus",http://www.data.gouv.fr/fr/dataset/elections-senatoriales-2001-resultats-572098,http://www.data.gouv.fr/api/3/action/package_show?id=elections-senatoriales-2001-resultats-572098,"
XLS: http://static.data.gouv.fr/47/a29bd3dafe3ce3dd2fe8767e1a41085affa6b24d0059a3089d4881ced64892.xls","",,,0,"",societe,Country/FR/FRANCE,,2001-09-23,2001-09-23,Licence Ouverte / Open Licence / http://www.data.gouv.fr/Licence-Ouverte-Open-Licence,2013-09-05T09:49:59.802772
elections-legislatives-2007-resultats-572071,Elections législatives 2007 – Résultats,"Résultats des élections législatives de 2007, tours 1 et 2,  par régions, départements, circonscriptions législatives, cantons et liste des élus à l’issue de l’élection",http://www.data.gouv.fr/fr/dataset/elections-legislatives-2007-resultats-572071,http://www.data.gouv.fr/api/3/action/package_show?id=elections-legislatives-2007-resultats-572071,"
XLS: http://static.data.gouv.fr/21/0c89caeccc170effac852b1ffa2e3b318827fa7b0fd418c92b66ed8f986aef.xls","",,,0,"",societe,Country/FR/FRANCE,,2007-06-10,2007-06-17,Licence Ouverte / Open Licence / http://www.data.gouv.fr/Licence-Ouverte-Open-Licence,2013-09-05T09:45:51.619017
elections-legislatives-2007-resultats-572075,Elections législatives 2007 – Résultats,"Résultats des élections législatives de 2007, tour 2,  par communes",http://www.data.gouv.fr/fr/dataset/elections-legislatives-2007-resultats-572075,http://www.data.gouv.fr/api/3/action/package_show?id=elections-legislatives-2007-resultats-572075,"
XLS: http://static.data.gouv.fr/8b/ef74da610af0f2850d5e2917a6ff88d4c6635d5bf6409f8d8b20cea1080fb9.xls","",,,1,"",societe,Country/FR/FRANCE,,2007-06-10,2007-06-17,Licence Ouverte / Open Licence / http://www.data.gouv.fr/Licence-Ouverte-Open-Licence,2013-09-05T09:45:59.468437
elections-senatoriales-1998-resultats-572096,Elections sénatoriales 1998 – Résultats,"Résultats des élections sénatoriales de 1998, scrutin majoritaire, tours 1 et 2, scrutin proportionnel et liste des élus",http://www.data.gouv.fr/fr/dataset/elections-senatoriales-1998-resultats-572096,http://www.data.gouv.fr/api/3/action/package_show?id=elections-senatoriales-1998-resultats-572096,"
XLS: http://static.data.gouv.fr/47/da7da33b9521ab16c8bc28e9d615bd5cac54f7dcc1f8c35e4d5b396c6ab353.xls","",,,0,"",societe,Country/FR/FRANCE,,1998-01-01,1998-01-01,Licence Ouverte / Open Licence / http://www.data.gouv.fr/Licence-Ouverte-Open-Licence,2013-09-04T15:08:52.083572
referendum-de-1992-571465,Référendum de 1992,"Résultats du référendum de 1992 par régions, départements, circonscriptions législatives et cantons",http://www.data.gouv.fr/fr/dataset/referendum-de-1992-571465,http://www.data.gouv.fr/api/3/action/package_show?id=referendum-de-1992-571465,"
XLS: http://static.data.gouv.fr/c6/cab108ed297b9c87bd77b76db521b30e226d46d36579ee5e709751aba37846.xls","",,,0,"",societe,Country/FR/FRANCE,,1992-09-20,1992-09-20,Licence Ouverte / Open Licence / http://www.data.gouv.fr/Licence-Ouverte-Open-Licence,2013-09-04T15:09:45.009238
elections-legislatives-2007-resultats-572073,Elections législatives 2007 – Résultats,"Résultats des élections législatives de 2007, tour 1,  par communes",http://www.data.gouv.fr/fr/dataset/elections-legislatives-2007-resultats-572073,http://www.data.gouv.fr/api/3/action/package_show?id=elections-legislatives-2007-resultats-572073,"
XLS: http://static.data.gouv.fr/02/f2582a43be34cc1975fa364568d6e39d75c647fb50dcc4b4bd19d3321d16e0.xls","",,,1,"",societe,Country/FR/FRANCE,,2007-06-10,2007-06-17,Licence Ouverte / Open Licence / http://www.data.gouv.fr/Licence-Ouverte-Open-Licence,2013-09-05T09:45:54.353890
elections-europeennes-2009-resultats-571327,Elections européennes 2009 - Résultats,"Résultats des élections européennes de 2009 par circonscriptions européennes, régions, départements, circonscriptions législatives et cantons",http://www.data.gouv.fr/fr/dataset/elections-europeennes-2009-resultats-571327,http://www.data.gouv.fr/api/3/action/package_show?id=elections-europeennes-2009-resultats-571327,"
XLS: http://static.data.gouv.fr/e0/88c770f067e9bc4cfd3dea656aa69b15add243c1c4c367a85d7314e74fde63.xls","",,,0,"",societe,Country/FR/FRANCE,,2012-11-23,2012-11-23,Licence Ouverte / Open Licence / http://www.data.gouv.fr/Licence-Ouverte-Open-Licence,2013-09-04T14:51:15.635350
elections-municipales-2001-resultats-572156,Elections municipales 2001 – Résultats,"Résultats des élections municipales de 2001, tours 1 et 2, pour les communes de plus de 3 500 habitants (scrutin de liste et déclaration de candidature obligatoire)",http://www.data.gouv.fr/fr/dataset/elections-municipales-2001-resultats-572156,http://www.data.gouv.fr/api/3/action/package_show?id=elections-municipales-2001-resultats-572156,"
XLS: http://static.data.gouv.fr/a8/7ed1963602a96808a3795400346086fb22e940ee1f1b87d0e8cd189fe6d12b.xls","",,,0,"",societe,Country/FR/FRANCE,,2001-03-11,2001-03-18,Licence Ouverte / Open Licence / http://www.data.gouv.fr/Licence-Ouverte-Open-Licence,2013-09-05T09:49:36.809074
elections-cantonales-2004-resultats-572045,Elections cantonales 2004 – Résultats,"Résultats des élections cantonales de 2004, tours 1 et 2,  par régions, départements, circonscriptions législatives, cantons et liste des élus à l’issue de l’élection",http://www.data.gouv.fr/fr/dataset/elections-cantonales-2004-resultats-572045,http://www.data.gouv.fr/api/3/action/package_show?id=elections-cantonales-2004-resultats-572045,"
XLS: http://static.data.gouv.fr/24/3e463e02def1d6b581092bf8c02783222832b4c2c2094cb2c23136ca10b350.xls","",,,0,"",societe,Country/FR/FRANCE,,2004-03-21,2004-03-28,Licence Ouverte / Open Licence / http://www.data.gouv.fr/Licence-Ouverte-Open-Licence,2013-09-05T09:58:18.072610
elections-cantonales-2004-resultats-572047,Elections cantonales 2004 – Résultats,"Résultats des élections cantonales de 2004, tours 1 et 2,  par communes",http://www.data.gouv.fr/fr/dataset/elections-cantonales-2004-resultats-572047,http://www.data.gouv.fr/api/3/action/package_show?id=elections-cantonales-2004-resultats-572047,"
XLS: http://static.data.gouv.fr/9b/5859d129bf0b560f54ef924b7a3a1389c7fc5d0883053841cfd28ade356f56.xls","",,,0,"",societe,Country/FR/FRANCE,,2004-03-21,2004-03-28,Licence Ouverte / Open Licence / http://www.data.gouv.fr/Licence-Ouverte-Open-Licence,2013-09-05T09:58:12.858897
comportement-des-usagers-de-la-route-annee-2009-30379529,Comportement des usagers de la route - année 2009,"Comportement des usagers de la route - année 2009 (détail du nombre des infractions par délits et contraventions, par infractions et famille d'infractions et tableau récapitulatif)",http://www.data.gouv.fr/fr/dataset/comportement-des-usagers-de-la-route-annee-2009-30379529,http://www.data.gouv.fr/api/3/action/package_show?id=comportement-des-usagers-de-la-route-annee-2009-30379529,"
XLS: http://static.data.gouv.fr/d0/7797fdd3448d5e0bd26b7ab54c6e0221ee3de43779a27d6ff63dede4d8f610.xls","",,,0,"",societe,Country/FR/FRANCE,,2009-01-01,2009-12-31,Licence Ouverte / Open Licence / http://www.data.gouv.fr/Licence-Ouverte-Open-Licence,2013-09-05T10:05:24.866316
permis-a-points-annee-2009-30379877,Permis à points - année 2009,"Données nationales (synthèse générale) et départementales sur le permis à points (Nombre et évolution de chacune des infractions pour l'année 2009, nombre des infractions par famille d'infractions, nombre d'infractions entraînant un retrait de points, nombre de points retirés, nombre de permis invalidés pour solde de points nul, permis probatoires invalidés pour solde de points nul, nombre des permis au capital de points reconstitué)",http://www.data.gouv.fr/fr/dataset/permis-a-points-annee-2009-30379877,http://www.data.gouv.fr/api/3/action/package_show?id=permis-a-points-annee-2009-30379877,"
XLS: http://static.data.gouv.fr/45/150e8fac21d143b060628f6fff6579cfe3d506085e93e6e76710209d00553b.xls","",,,0,"",societe,Country/FR/FRANCE,,2009-01-01,2009-12-31,Licence Ouverte / Open Licence / http://www.data.gouv.fr/Licence-Ouverte-Open-Licence,2013-09-05T09:55:45.980593
liste-des-points-d-accueil-de-la-gendarmerie-nationale,Liste des points d'accueil de la gendarmerie nationale,"Fichier d'export sur les unités de gendarmerie accueillant du public. Chaque unité a : Le nom de l'unité,  La localité de l'unité, Le numéro de téléphone de l'unité, Le numéro de faxe de l'unité, L'adresse postale de l'unité et L'adresse géographique de l'unité ",http://www.data.gouv.fr/fr/dataset/liste-des-points-d-accueil-de-la-gendarmerie-nationale,http://www.data.gouv.fr/api/3/action/package_show?id=liste-des-points-d-accueil-de-la-gendarmerie-nationale,"Liste-des-unites-gendarmerie-geocodees.csv
CSV: https://www.data.gouv.fr/storage/f/2014-01-14T15-04-52/Export_gendarmerie_geocodes.csv","",,,1,"accueil, accueil-de-jour, accueil-du-public, adresse, fichier-unite, gendarmerie, gendarmerie-nationale, geocodage, gn, obligations-de-service-public, point-geographique, stsisi, unite",societe,country/fr/france,commune,2014-01-01,2014-12-31,Licence Ouverte / Open Licence / http://www.data.gouv.fr/Licence-Ouverte-Open-Licence,2013-11-28T15:04:18.776488
points-d-accueil-police-coordonnees-petite-couronne-30379776,Points d'accueil police (coordonnées) - Petite couronne,"Liste des points d'accueil police pour les départements de petite couronne (92, 93, 94) répertoriant par district les services, adresses, téléphones, horaires",http://www.data.gouv.fr/fr/dataset/points-d-accueil-police-coordonnees-petite-couronne-30379776,http://www.data.gouv.fr/api/3/action/package_show?id=points-d-accueil-police-coordonnees-petite-couronne-30379776,"
CSV: http://static.data.gouv.fr/a2/5abb8f8089c261e1cac869a2e7cc49e65eaa69643969a55a8f92bef325f985.csv

Télécharger Cartographie des emplacements des commissariats à Paris et petite couronne
: http://static.data.gouv.fr/fd/f80a270717becba99a32317439a9d077091a431ac8e62f0c62a129a1fa9765.kml","",,,1,"",societe,"DepartmentOfFrance/92/92 HAUTS DE SEINE,DepartmentOfFrance/93/93 SEINE ST DENIS,DepartmentOfFrance/94/94 VAL DE MARNE",,2011-01-01,2011-01-01,Licence Ouverte / Open Licence / http://www.data.gouv.fr/Licence-Ouverte-Open-Licence,2013-09-05T09:50:59.103788
base-de-donnees-accidents-corporels-de-la-circulation-sur-6-annees-france-entiere-2006-2011-564096,Base de données accidents corporels de la circulation sur 6 années - France entière - 2006-2011,"Cette base est extraite du fichier national des accidents corporels de la circulation, dit « Fichier BAAC1 », administré par l’Observatoire interministériel de la sécurité routière. Pour chaque accident corporel (soit un accident survenu sur une voie ouverte à la circulation publique, impliquant au moins un véhicule et ayant fait au moins une victime ayant nécessité des soins), les saisies d’information sont effectuées par l’unité des forces de l’ordre (police, gendarmerie, etc.) qui est intervenue sur le lieu de l’accident. 
La base répertorie l'intégralité des accidents corporels de la circulation intervenus de 2006 à 2011 en France (4 DOM inclus, à savoir Guadeloupe, Guyane, Martinique et La Réunion), avec leur description simplifiée (plus un indice de gravité – défini plus loin). Cela inclue toutes les informations de localisation disponibles dans le Fichier BAAC, telles qu’elles y sont renseignées ainsi que les informations concernant les véhicules et leurs victimes. 

Cette base comporte 454 372 accidents (440 695 pour la métropole et 13 677 pour les DOM) et 775 422 véhicules présents dans les accidents (751 831 pour la métropole et 23 591 pour les DOM).

Elle est notablement plus détaillée que la base de données 2005-2010 postée précédemment sur Etalab (à l’automne 2011).",http://www.data.gouv.fr/fr/dataset/base-de-donnees-accidents-corporels-de-la-circulation-sur-6-annees-france-entiere-2006-2011-564096,http://www.data.gouv.fr/api/3/action/package_show?id=base-de-donnees-accidents-corporels-de-la-circulation-sur-6-annees-france-entiere-2006-2011-564096,"
CSV: http://static.data.gouv.fr/fe/fea60d07a33386148deed77f826e9fe6406eae855b8620aa4a16a78362196b.csv

Télécharger Description de la base de données ""accidents de la circulation""
: http://static.data.gouv.fr/8d/5652b7c417304db3380a3f621a3a5fc07f13d28a68726d452d220e9ac55da0.pdf

Télécharger Base de données véhicules impliqués
: http://static.data.gouv.fr/e0/2c08ee9469617e399bb6bb8a540cd5348695f3abde43bb0e5833dcf70d16a6.csv","",,,0,"",societe,Country/FR/FRANCE,,2006-01-01,2012-12-31,Licence Ouverte / Open Licence / http://www.data.gouv.fr/Licence-Ouverte-Open-Licence,2013-11-23T11:01:05.674489
base-de-donnees-accidents-corporels-de-la-circulation-sur-6-annees,Base de données accidents corporels de la circulation sur 6 années ,"Cette base est extraite du fichier national des accidents corporels de la circulation, dit « Fichier BAAC1 », administré par l’Observatoire interministériel de la sécurité routière. Pour chaque accident corporel (soit un accident survenu sur une voie ouverte à la circulation publique, impliquant au moins un véhicule et ayant fait au moins une victime ayant nécessité des soins), les saisies d’information sont effectuées par l’unité des forces de l’ordre (police, gendarmerie, etc.) qui est intervenue sur le lieu de l’accident. 
La base répertorie l'intégralité des accidents corporels de la circulation intervenus de 2006 à 2011 en France (4 DOM inclus, à savoir Guadeloupe, Guyane, Martinique et La Réunion), avec leur description simplifiée (plus un indice de gravité – défini plus loin). Cela inclue toutes les informations de localisation disponibles dans le Fichier BAAC, telles qu’elles y sont renseignées ainsi que les informations concernant les véhicules et leurs victimes. 

Cette base comporte 454 372 accidents (440 695 pour la métropole et 13 677 pour les DOM) et 775 422 véhicules présents dans les accidents (751 831 pour la métropole et 23 591 pour les DOM).

Elle est notablement plus détaillée que la base de données 2005-2010 postée précédemment sur Etalab (à l’automne 2011).",http://www.data.gouv.fr/fr/dataset/base-de-donnees-accidents-corporels-de-la-circulation-sur-6-annees,http://www.data.gouv.fr/api/3/action/package_show?id=base-de-donnees-accidents-corporels-de-la-circulation-sur-6-annees,"
CSV: http://static.data.gouv.fr/fe/fea60d07a33386148deed77f826e9fe6406eae855b8620aa4a16a78362196b.csv

Télécharger Description de la base de données ""accidents de la circulation""
: http://static.data.gouv.fr/8d/5652b7c417304db3380a3f621a3a5fc07f13d28a68726d452d220e9ac55da0.pdf

Télécharger Base de données véhicules impliqués
: http://static.data.gouv.fr/e0/2c08ee9469617e399bb6bb8a540cd5348695f3abde43bb0e5833dcf70d16a6.csv","",,,4,"accident, circulation, circulation-routiere",societe,Country/FR/FRANCE,pays,2006-01-01,2011-12-31,Licence Ouverte / Open Licence / http://www.data.gouv.fr/Licence-Ouverte-Open-Licence,2013-11-22T10:04:26.522766
65-liste-des-pays-d-origine-surs-30379652,65 - Liste des pays d’origine sûrs,Asile : Activité de l'Office français de protection des réfugiés et apatrides (OFPRA) et de la Cour nationale du droit d'asile (CNDA) (Les orientations de la politique de l’immigration),http://www.data.gouv.fr/fr/dataset/65-liste-des-pays-d-origine-surs-30379652,http://www.data.gouv.fr/api/3/action/package_show?id=65-liste-des-pays-d-origine-surs-30379652,"
XLS: http://static.data.gouv.fr/6a/bd2c09f584a9f3995d765c6b85d0fedc9cded009e02029764e97c1abb58b99.xls","",,,0,"",societe,Country/FR/FRANCE,,2011-03-11,2012-12-31,Licence Ouverte / Open Licence / http://www.data.gouv.fr/Licence-Ouverte-Open-Licence,2013-09-05T10:05:56.358124
43-arretes-prefectoraux-de-reconduite-a-la-frontiere-non-executes-30379591,43 - Arrêtés préfectoraux de reconduite à la frontière non exécutés,Immigration irrégulière : Le séjour irrégulier sur le territoire (Les orientations de la politique de l’immigration),http://www.data.gouv.fr/fr/dataset/43-arretes-prefectoraux-de-reconduite-a-la-frontiere-non-executes-30379591,http://www.data.gouv.fr/api/3/action/package_show?id=43-arretes-prefectoraux-de-reconduite-a-la-frontiere-non-executes-30379591,"
XLS: http://static.data.gouv.fr/30/f9a523cad348ab2bde35ac6bf1db6163de9a0ca35901f1743d1a1fdfb3cc11.xls","",,,0,"",societe,Country/FR/FRANCE,,2006-01-01,2011-12-31,Licence Ouverte / Open Licence / http://www.data.gouv.fr/Licence-Ouverte-Open-Licence,2013-09-05T10:00:51.909415
72-structure-de-la-population-hebergee-en-cada-30379567,72 - Structure de la population hébergée en CADA,Asile : L'accueil et l'hébergement des demandeurs d'asile et des réfugiés (Les orientations de la politique de l’immigration),http://www.data.gouv.fr/fr/dataset/72-structure-de-la-population-hebergee-en-cada-30379567,http://www.data.gouv.fr/api/3/action/package_show?id=72-structure-de-la-population-hebergee-en-cada-30379567,"
XLS: http://static.data.gouv.fr/54/8b70051f59c3db60a481a94367e8dd24431ab9692184060548e38f908f71c1.xls","",,,0,"",societe,Country/FR/FRANCE,,2011-01-01,2012-12-31,Licence Ouverte / Open Licence / http://www.data.gouv.fr/Licence-Ouverte-Open-Licence,2013-09-05T09:53:53.221404
39-aide-a-l-entree-irreguliere-a-la-circulation-et-au-sejour-irregulier-des-etrangers-evolu-30379602,"39 - Aide à l’entrée irrégulière, à la circulation et au séjour irrégulier des étrangers – Évolution de l’action des services – index 70",Immigration irrégulière : Le séjour irrégulier sur le territoire (Les orientations de la politique de l’immigration),http://www.data.gouv.fr/fr/dataset/39-aide-a-l-entree-irreguliere-a-la-circulation-et-au-sejour-irregulier-des-etrangers-evolu-30379602,http://www.data.gouv.fr/api/3/action/package_show?id=39-aide-a-l-entree-irreguliere-a-la-circulation-et-au-sejour-irregulier-des-etrangers-evolu-30379602,"
XLS: http://static.data.gouv.fr/f1/9ac86e3f77cec3ee597d4143bfa545cd7750b3e97954f6729d5d8b95486a7b.xls","",,,0,"",societe,Country/FR/FRANCE,,2009-01-01,2011-12-31,Licence Ouverte / Open Licence / http://www.data.gouv.fr/Licence-Ouverte-Open-Licence,2013-09-05T09:50:20.918239
42-entrees-irregulieres-enregistrees-dans-agdref-pour-les-premiers-titres-delivres-30379656,42 - Entrées irrégulières enregistrées dans agdref pour les premiers titres délivrés,Immigration irrégulière : Le séjour irrégulier sur le territoire (Les orientations de la politique de l’immigration),http://www.data.gouv.fr/fr/dataset/42-entrees-irregulieres-enregistrees-dans-agdref-pour-les-premiers-titres-delivres-30379656,http://www.data.gouv.fr/api/3/action/package_show?id=42-entrees-irregulieres-enregistrees-dans-agdref-pour-les-premiers-titres-delivres-30379656,"
XLS: http://static.data.gouv.fr/9e/5ad97396a596b7cb55407d40a318dcca8f7dbe7d4bb302176543f710ea4e31.xls","",,,0,"",societe,Country/FR/FRANCE,,2006-01-01,2011-12-31,Licence Ouverte / Open Licence / http://www.data.gouv.fr/Licence-Ouverte-Open-Licence,2013-09-05T09:59:48.176742
76-repartition-des-signataires-du-cai-suivant-leur-situation-30379515,76 - Répartition des signataires du CAI suivant leur situation,Intégration et l’acquisition de la nationalité française : Accueil et premiers pas dans la société française : le contrat d'accueil et d'intégration (Les orientations de la politique de l’immigration),http://www.data.gouv.fr/fr/dataset/76-repartition-des-signataires-du-cai-suivant-leur-situation-30379515,http://www.data.gouv.fr/api/3/action/package_show?id=76-repartition-des-signataires-du-cai-suivant-leur-situation-30379515,"
XLS: http://static.data.gouv.fr/10/69ad5cae3c32b2d2268728b697a6f645dce356496751155aab5608eee07936.xls","",,,0,"",societe,Country/FR/FRANCE,,2011-01-01,2012-12-31,Licence Ouverte / Open Licence / http://www.data.gouv.fr/Licence-Ouverte-Open-Licence,2013-09-05T09:44:55.814830
86-stock-de-dossiers-551542,86 - Stock de dossiers,Intégration et l’acquisition de la nationalité française : acquisition de la nationalité française (Les orientations de la politique de l’immigration),http://www.data.gouv.fr/fr/dataset/86-stock-de-dossiers-551542,http://www.data.gouv.fr/api/3/action/package_show?id=86-stock-de-dossiers-551542,"
XLS: http://static.data.gouv.fr/91/56114dd1c293032387839ef84ed292843d1c7c60f3acafb25cdf764c8dc6a7.xls","",,,0,"",societe,Country/FR/FRANCE,,2009-01-01,2011-12-31,Licence Ouverte / Open Licence / http://www.data.gouv.fr/Licence-Ouverte-Open-Licence,2013-09-05T10:04:26.733060
69-flux-dublin-entre-la-france-et-les-etats-membres-au-titre-de-la-mise-en-oeuvre-du-reglem-30379685,69 - Flux Dublin entre la France et les États membres au titre de la mise en œuvre du règlement de Dublin,Asile : Mise en oeuvre du règlement de Dublin par la France (Les orientations de la politique de l’immigration),http://www.data.gouv.fr/fr/dataset/69-flux-dublin-entre-la-france-et-les-etats-membres-au-titre-de-la-mise-en-oeuvre-du-reglem-30379685,http://www.data.gouv.fr/api/3/action/package_show?id=69-flux-dublin-entre-la-france-et-les-etats-membres-au-titre-de-la-mise-en-oeuvre-du-reglem-30379685,"
XLS: http://static.data.gouv.fr/a5/dabd7ff5430ac0002b89b47ce4d04db46eff544ce00376c0ea68ea2a2b99d4.xls","",,,0,"",societe,InternationalOrganization/UE/UNION EUROPEENNE,,2010-01-01,2011-12-31,Licence Ouverte / Open Licence / http://www.data.gouv.fr/Licence-Ouverte-Open-Licence,2013-09-05T09:53:56.070512
94-repartition-des-secteurs-d-activite-sur-l-ensemble-des-pays-30379437,94 - Répartition des secteurs d’activité sur l’ensemble des pays,Développement solidaire : Présentation stratégique du projet annuel de performances (Les orientations de la politique de l’immigration),http://www.data.gouv.fr/fr/dataset/94-repartition-des-secteurs-d-activite-sur-l-ensemble-des-pays-30379437,http://www.data.gouv.fr/api/3/action/package_show?id=94-repartition-des-secteurs-d-activite-sur-l-ensemble-des-pays-30379437,"
XLS: http://static.data.gouv.fr/8b/f39f1d1cd578a5a77e916f443a2b3465efd632defbb4e73ab12c48773587f7.xls","",,,0,"",societe,Country/FR/FRANCE,,2011-01-01,2012-12-31,Licence Ouverte / Open Licence / http://www.data.gouv.fr/Licence-Ouverte-Open-Licence,2013-09-05T09:48:56.874098
08-visas-delivres-pour-l-etablissement-professionnel-551505,08 - Visas délivrés pour l’établissement professionnel,Politique de délivrance des visas : Evolution de la demande et de la délivrance de visas (Les orientations de la politique de l’immigration),http://www.data.gouv.fr/fr/dataset/08-visas-delivres-pour-l-etablissement-professionnel-551505,http://www.data.gouv.fr/api/3/action/package_show?id=08-visas-delivres-pour-l-etablissement-professionnel-551505,"
XLS: http://static.data.gouv.fr/a8/9a4ca588364437103a4f5de5d0af6281594a1a018222853eb9b032362a452e.xls","",,,0,"",societe,MetropoleOfCountry/FR/FRANCE METROPOLITAINE,,2006-01-01,2011-12-31,Licence Ouverte / Open Licence / http://www.data.gouv.fr/Licence-Ouverte-Open-Licence,2013-09-05T10:00:44.006234
40-delits-a-la-police-des-etrangers-evolution-de-l-action-des-services-index-69-30379700,40 - Délits à la police des étrangers – Évolution de l’action des services – index 69,Immigration irrégulière : Le séjour irrégulier sur le territoire (Les orientations de la politique de l’immigration),http://www.data.gouv.fr/fr/dataset/40-delits-a-la-police-des-etrangers-evolution-de-l-action-des-services-index-69-30379700,http://www.data.gouv.fr/api/3/action/package_show?id=40-delits-a-la-police-des-etrangers-evolution-de-l-action-des-services-index-69-30379700,"
XLS: http://static.data.gouv.fr/fd/041ad771b81deed1740b72830f0377f010d6a9ecd299bd9c728c53bb9d80e8.xls","",,,0,"",societe,Country/FR/FRANCE,,2008-01-01,2011-12-31,Licence Ouverte / Open Licence / http://www.data.gouv.fr/Licence-Ouverte-Open-Licence,2013-09-05T10:07:11.544035
22-nombre-d-accedants-a-la-nationalite-francaise-par-mariage-30379674,22 - Nombre d’accédants à la nationalité française par mariage,Admission au séjour : Analyse de l'immigration selon les motifs (Les orientations de la politique de l’immigration),http://www.data.gouv.fr/fr/dataset/22-nombre-d-accedants-a-la-nationalite-francaise-par-mariage-30379674,http://www.data.gouv.fr/api/3/action/package_show?id=22-nombre-d-accedants-a-la-nationalite-francaise-par-mariage-30379674,"
XLS: http://static.data.gouv.fr/99/3e9e66e693c99702d0eec91f4997789893e1c0c0af51b83ba7c0c58e12f471.xls","",,,0,"",societe,Country/FR/FRANCE,,2006-01-01,2011-12-31,Licence Ouverte / Open Licence / http://www.data.gouv.fr/Licence-Ouverte-Open-Licence,2013-09-04T14:54:01.719259
29-nombre-de-visas-de-long-sejour-valant-titre-de-sejour-vls-ts-551525,29 - Nombre de visas de long séjour valant titre de séjour (VLS-TS),Admission au séjour : Analyse de l'immigration selon le type de titre de séjour (Les orientations de la politique de l’immigration),http://www.data.gouv.fr/fr/dataset/29-nombre-de-visas-de-long-sejour-valant-titre-de-sejour-vls-ts-551525,http://www.data.gouv.fr/api/3/action/package_show?id=29-nombre-de-visas-de-long-sejour-valant-titre-de-sejour-vls-ts-551525,"
XLS: http://static.data.gouv.fr/a6/b528c2ddca92447d8a8b60415089b81b75fb9318103d01efabf5873dc8add2.xls","",,,0,"",societe,MetropoleOfCountry/FR/FRANCE METROPOLITAINE,,2010-01-01,2011-12-31,Licence Ouverte / Open Licence / http://www.data.gouv.fr/Licence-Ouverte-Open-Licence,2013-09-05T10:06:17.694096
34-stock-de-titres-et-autorisations-provisoires-de-sejour-en-cours-de-validite-30379479,34 - Stock de titres et autorisations provisoires de séjour en cours de validité,Admission au séjour : Analyse de l'immigration selon le type de titre de séjour (Les orientations de la politique de l’immigration),http://www.data.gouv.fr/fr/dataset/34-stock-de-titres-et-autorisations-provisoires-de-sejour-en-cours-de-validite-30379479,http://www.data.gouv.fr/api/3/action/package_show?id=34-stock-de-titres-et-autorisations-provisoires-de-sejour-en-cours-de-validite-30379479,"
XLS: http://static.data.gouv.fr/8c/d2b5ec0b5bbeec89bcd6822aa8be75ca78a7167a2bb088e83ad2cf5c726930.xls","",,,0,"",societe,Country/FR/FRANCE,,2006-01-01,2011-12-31,Licence Ouverte / Open Licence / http://www.data.gouv.fr/Licence-Ouverte-Open-Licence,2013-09-05T09:45:12.421853
ensemble-des-immigres-vivant-hors-menages-ordinaires-30379693,Ensemble des immigrés vivant hors ménages ordinaires,Atlas national des populations immigrées (PRIPI 2010 - 2012),http://www.data.gouv.fr/fr/dataset/ensemble-des-immigres-vivant-hors-menages-ordinaires-30379693,http://www.data.gouv.fr/api/3/action/package_show?id=ensemble-des-immigres-vivant-hors-menages-ordinaires-30379693,"
XLS: http://static.data.gouv.fr/c3/e0ce46c2758d944527842b27508a407b7c16fc333771cdd929b5efe58ea2d0.xls

Télécharger Atlas national des populations immigrées
: http://www.immigration.gouv.fr/IMG/pdf/Atlas_national_PI_060711b.pdf","",,,0,"",societe,Country/FR/FRANCE,,,,Licence Ouverte / Open Licence / http://www.data.gouv.fr/Licence-Ouverte-Open-Licence,2013-09-05T09:47:00.550308
36-stock-de-titres-et-autorisations-provisoires-de-sejour-en-cours-de-validite-par-national-30379667,36 - Stock de titres et autorisations provisoires de séjour en cours de validité par nationalité,Admission au séjour : Analyse de l'immigration selon le type de titre de séjour (Les orientations de la politique de l’immigration),http://www.data.gouv.fr/fr/dataset/36-stock-de-titres-et-autorisations-provisoires-de-sejour-en-cours-de-validite-par-national-30379667,http://www.data.gouv.fr/api/3/action/package_show?id=36-stock-de-titres-et-autorisations-provisoires-de-sejour-en-cours-de-validite-par-national-30379667,"
XLS: http://static.data.gouv.fr/1b/a92a82e05077de4068680c101e0c9e90e523e0358a4fcc375d7bf787848374.xls","",,,0,"",societe,Country/FR/FRANCE,,2006-01-01,2011-12-31,Licence Ouverte / Open Licence / http://www.data.gouv.fr/Licence-Ouverte-Open-Licence,2013-09-05T09:48:54.047440
acquisitions-de-la-nationalite-francaise-selon-la-nationalite-30379832,Acquisitions de la nationalité française selon la nationalité,Acquisition de la nationalité française (DSED),http://www.data.gouv.fr/fr/dataset/acquisitions-de-la-nationalite-francaise-selon-la-nationalite-30379832,http://www.data.gouv.fr/api/3/action/package_show?id=acquisitions-de-la-nationalite-francaise-selon-la-nationalite-30379832,"
XLS: http://static.data.gouv.fr/84/9dcd065b4aa132928a982b0892e3e78351cfd7429cab35985ed702a2bf8537.xls","",,,0,"",societe,Country/FR/FRANCE,,1999-01-01,2009-12-31,Licence Ouverte / Open Licence / http://www.data.gouv.fr/Licence-Ouverte-Open-Licence,2013-09-05T09:57:06.430763
61-nationalite-des-porteurs-de-faux-documents-551529,61 - Nationalité des porteurs de faux documents,Immigration irrégulière : La lutte contre les fraudes à l'identité et à la fraude documentaire (Les orientations de la politique de l’immigration),http://www.data.gouv.fr/fr/dataset/61-nationalite-des-porteurs-de-faux-documents-551529,http://www.data.gouv.fr/api/3/action/package_show?id=61-nationalite-des-porteurs-de-faux-documents-551529,"
XLS: http://static.data.gouv.fr/d4/3dfe0ee5a23150a0030b9de58cf094f770fe8a4a8bc1ab13db21dc14700d11.xls","",,,0,"",societe,Country/FR/FRANCE,,2010-01-01,2011-12-31,Licence Ouverte / Open Licence / http://www.data.gouv.fr/Licence-Ouverte-Open-Licence,2013-09-05T09:47:05.889351
statut-d-occupation-du-logement-des-menages-immigres-et-non-immigres-30379739,Statut d’occupation du logement des ménages immigrés et non immigrés,Atlas national des populations immigrées (PRIPI 2010 - 2012),http://www.data.gouv.fr/fr/dataset/statut-d-occupation-du-logement-des-menages-immigres-et-non-immigres-30379739,http://www.data.gouv.fr/api/3/action/package_show?id=statut-d-occupation-du-logement-des-menages-immigres-et-non-immigres-30379739,"
XLS: http://static.data.gouv.fr/e4/e71e191cd95461d32bb9f6284c15506f87e94dfdc9fcc5bb46c74c3ee84483.xls

Télécharger Atlas national des populations immigrées
: http://www.immigration.gouv.fr/IMG/pdf/Atlas_national_PI_060711b.pdf","",,,0,"",societe,Country/FR/FRANCE,,,,Licence Ouverte / Open Licence / http://www.data.gouv.fr/Licence-Ouverte-Open-Licence,2013-09-05T09:47:54.136146
13-evolution-du-nombre-d-ambassades-et-de-consulats-equipes-depuis-et-du-nombre-de-visas-biom-551513,13 - Evolution du nombre d’ambassades et de consulats équipés depuis et du nombre de visas biométriques délivrés,Politique de délivrance des visas : Moyens et méthodes (Les orientations de la politique de l’immigration),http://www.data.gouv.fr/fr/dataset/13-evolution-du-nombre-d-ambassades-et-de-consulats-equipes-depuis-et-du-nombre-de-visas-biom-551513,http://www.data.gouv.fr/api/3/action/package_show?id=13-evolution-du-nombre-d-ambassades-et-de-consulats-equipes-depuis-et-du-nombre-de-visas-biom-551513,"
XLS: http://static.data.gouv.fr/10/510e1430b86e83522266406a89199adc2006817abe0e4625114ac53c148c5b.xls","",,,0,"",societe,MetropoleOfCountry/FR/FRANCE METROPOLITAINE,,2005-01-01,2011-12-31,Licence Ouverte / Open Licence / http://www.data.gouv.fr/Licence-Ouverte-Open-Licence,2013-09-05T09:57:19.533218
origine-geographique-des-acquerants-par-declaration-au-titre-du-mariage-30379732,Origine géographique des acquérants par déclaration au titre du mariage,Acquisition de la nationalité française (DSED),http://www.data.gouv.fr/fr/dataset/origine-geographique-des-acquerants-par-declaration-au-titre-du-mariage-30379732,http://www.data.gouv.fr/api/3/action/package_show?id=origine-geographique-des-acquerants-par-declaration-au-titre-du-mariage-30379732,"
XLS: http://static.data.gouv.fr/05/308d19f95b941f3a580f098a781a9e07020c80a6ad9d3a68736c0ace2b4dd8.xls","",,,0,"",societe,Country/FR/FRANCE,,1995-01-01,2009-12-31,Licence Ouverte / Open Licence / http://www.data.gouv.fr/Licence-Ouverte-Open-Licence,2013-09-05T09:59:29.617653
118-les-nouveaux-francais-selon-leur-origine-geographique-toutes-procedures-confondues-571499,"118 - Les nouveaux Français selon leur origine géographique, toutes procédures confondues","Les acquisitions de la nationalité française : en 2010, le flux annuel des acquisitions de la nationalité française avec 143 275 nouveaux Français a connu une augmentation liée notamment aux acquisitions de la nationalité par le mariage. Ce flux reste très proche de la moyenne observée sur les dix dernières années (142 700). Au 1er janvier 2007, sur les 5,2 millions d’immigrés recensés dans la population française, 2,1 millions étaient des Français par acquisition.",http://www.data.gouv.fr/fr/dataset/118-les-nouveaux-francais-selon-leur-origine-geographique-toutes-procedures-confondues-571499,http://www.data.gouv.fr/api/3/action/package_show?id=118-les-nouveaux-francais-selon-leur-origine-geographique-toutes-procedures-confondues-571499,"
XLS: http://static.data.gouv.fr/1d/4af677a7225170b24be21fa32bd1e64daaedcfaf38c0bbfbf5130c8fa72a08.xls","",,,0,"",societe,Country/FR/FRANCE,,1998-01-01,2009-12-31,Licence Ouverte / Open Licence / http://www.data.gouv.fr/Licence-Ouverte-Open-Licence,2013-09-05T09:52:32.038072
population-etrangere-activite-30379639,Population étrangère : Activité,Atlas national des populations immigrées (PRIPI 2010 - 2012),http://www.data.gouv.fr/fr/dataset/population-etrangere-activite-30379639,http://www.data.gouv.fr/api/3/action/package_show?id=population-etrangere-activite-30379639,"
XLS: http://static.data.gouv.fr/78/10f4bf5c9a17b4e61b0cb0d49aba34c226522404edaddb0c9461ec0736756d.xls

Télécharger Atlas national des populations immigrées
: http://www.immigration.gouv.fr/IMG/pdf/Atlas_national_PI_060711b.pdf","",,,0,"",societe,Country/FR/FRANCE,,,,Licence Ouverte / Open Licence / http://www.data.gouv.fr/Licence-Ouverte-Open-Licence,2013-09-05T09:47:38.074358
statistiques-admissions-au-sejour-par-motif-30379430,Statistiques admissions au sejour par motif,Admission au séjour Titre de séjour (DSED),http://www.data.gouv.fr/fr/dataset/statistiques-admissions-au-sejour-par-motif-30379430,http://www.data.gouv.fr/api/3/action/package_show?id=statistiques-admissions-au-sejour-par-motif-30379430,"
XLS: http://static.data.gouv.fr/09/f12972e3151e954d899e4b29b99876996adb95fff9397da226bf007ca58626.xls","",,,1,"",societe,Country/FR/FRANCE,,2009-01-01,2009-12-31,Licence Ouverte / Open Licence / http://www.data.gouv.fr/Licence-Ouverte-Open-Licence,2013-09-05T09:53:01.160813
44-arretes-prefectoraux-de-reconduite-a-la-frontiere-et-obligations-de-quitter-le-territoir-30379553,44 - Arrêtés préfectoraux de reconduite à la frontière et obligations de quitter le territoire non exécutés,Immigration irrégulière : Le séjour irrégulier sur le territoire (Les orientations de la politique de l’immigration),http://www.data.gouv.fr/fr/dataset/44-arretes-prefectoraux-de-reconduite-a-la-frontiere-et-obligations-de-quitter-le-territoir-30379553,http://www.data.gouv.fr/api/3/action/package_show?id=44-arretes-prefectoraux-de-reconduite-a-la-frontiere-et-obligations-de-quitter-le-territoir-30379553,"
XLS: http://static.data.gouv.fr/30/6410ce2bf1337570b587108abf3b6c5ea3033946cf3205ad93365bf6829aa6.xls","",,,0,"",societe,Country/FR/FRANCE,,2008-01-01,2011-12-31,Licence Ouverte / Open Licence / http://www.data.gouv.fr/Licence-Ouverte-Open-Licence,2013-09-05T09:46:36.429599
104-nombre-d-eloignements-realises-en-guadeloupe-30379503,104 - Nombre d’éloignements réalisés en Guadeloupe,Outre-mer : La situation migratoire (Les orientations de la politique de l’immigration),http://www.data.gouv.fr/fr/dataset/104-nombre-d-eloignements-realises-en-guadeloupe-30379503,http://www.data.gouv.fr/api/3/action/package_show?id=104-nombre-d-eloignements-realises-en-guadeloupe-30379503,"
XLS: http://static.data.gouv.fr/a7/fbec233819ba1a746724321aa14569eaeda6492e0322194f8986f4f5d7e834.xls","",,,0,"",societe,RegionOfFrance/01/GUADELOUPE,,2004-01-01,2011-12-31,Licence Ouverte / Open Licence / http://www.data.gouv.fr/Licence-Ouverte-Open-Licence,2013-09-04T15:11:19.788042
97-population-etrangere-en-situation-reguliere-pays-tiers-30379459,97 - Population étrangère en situation régulière (pays tiers),Outre-mer immigration : Présentation générale (Les orientations de la politique de l’immigration),http://www.data.gouv.fr/fr/dataset/97-population-etrangere-en-situation-reguliere-pays-tiers-30379459,http://www.data.gouv.fr/api/3/action/package_show?id=97-population-etrangere-en-situation-reguliere-pays-tiers-30379459,"
XLS: http://static.data.gouv.fr/65/e9d7977c0a4f30ec87b05938408e080032fd63f05620695e596fb56b52d7a7.xls","",,,0,"",societe,"RegionOfFrance/01/GUADELOUPE,RegionOfFrance/02/MARTINIQUE,RegionOfFrance/03/GUYANE,RegionOfFrance/04/LA REUNION,RegionOfFrance/06/MAYOTTE",,2010-01-01,2011-12-31,Licence Ouverte / Open Licence / http://www.data.gouv.fr/Licence-Ouverte-Open-Licence,2013-09-05T09:58:04.845838
37-nombre-de-refoulements-a-la-frontiere-30379642,37 - Nombre de refoulements à la frontière,Immigration irrégulière : Entrée irrégulière sur le territoire (Les orientations de la politique de l’immigration),http://www.data.gouv.fr/fr/dataset/37-nombre-de-refoulements-a-la-frontiere-30379642,http://www.data.gouv.fr/api/3/action/package_show?id=37-nombre-de-refoulements-a-la-frontiere-30379642,"
XLS: http://static.data.gouv.fr/c9/30f58f9cced2e305a2cc29a275a071d605323609e758031e7caca236ab42f0.xls","",,,0,"",societe,Country/FR/FRANCE,,2006-01-01,2011-12-31,Licence Ouverte / Open Licence / http://www.data.gouv.fr/Licence-Ouverte-Open-Licence,2013-09-04T15:10:20.390773
77-principales-caracteristiques-des-signataires-du-cai-30379468,77 - Principales caractéristiques des signataires du CAI,Intégration et l’acquisition de la nationalité française : Accueil et premiers pas dans la société française : le contrat d'accueil et d'intégration (Les orientations de la politique de l’immigration),http://www.data.gouv.fr/fr/dataset/77-principales-caracteristiques-des-signataires-du-cai-30379468,http://www.data.gouv.fr/api/3/action/package_show?id=77-principales-caracteristiques-des-signataires-du-cai-30379468,"
XLS: http://static.data.gouv.fr/e4/f99cd9eee35b7bbd6dcf73d3ff3c711acd77af3d0295740a43fbde5d23c7ab.xls","",,,0,"",societe,Country/FR/FRANCE,,2011-01-01,2012-12-31,Licence Ouverte / Open Licence / http://www.data.gouv.fr/Licence-Ouverte-Open-Licence,2013-09-05T09:44:58.651496
95-repartition-des-contributions-composante-developpement-local-du-pcuc-551550,95 - Répartition des contributions – composante développement local du PCUC,Développement solidaire : Présentation stratégique du projet annuel de performances (Les orientations de la politique de l’immigration),http://www.data.gouv.fr/fr/dataset/95-repartition-des-contributions-composante-developpement-local-du-pcuc-551550,http://www.data.gouv.fr/api/3/action/package_show?id=95-repartition-des-contributions-composante-developpement-local-du-pcuc-551550,"
XLS: http://static.data.gouv.fr/ff/9d4f3e59a859954b0ba613ac56cad5bef6a3050bb20ff10a5ab9749779369f.xls","",,,0,"",societe,Country/FR/FRANCE,,2011-01-01,2012-12-31,Licence Ouverte / Open Licence / http://www.data.gouv.fr/Licence-Ouverte-Open-Licence,2013-09-05T10:00:27.925584
111-pourcentage-de-personnes-souhaitant-changer-de-logement-dans-la-deuxieme-annee-qui-suit-l-551570,111 - Pourcentage de personnes souhaitant changer de logement dans la deuxième année qui suit l'obtention du titre de séjour,"La mobilité résidentielle des nouveaux migrants : les nouveaux migrants ayant obtenu en 2006 leur premier titre de séjour sont plus mobiles que les Français car ils souhaitent accéder rapidement à un logement personnel ou améliorer le confort de leur logement. Le fait de déménager permet souvent de quitter une situation critique. Un an après leur arrivée en France, les nouveaux migrants sont encore nombreux à vouloir déménager. Ce sont quelques uns des enseignements tirés de l’enquête ""Parcours et Profils des migrants"" menée par la DREES(1) en 2006 et 2007.",http://www.data.gouv.fr/fr/dataset/111-pourcentage-de-personnes-souhaitant-changer-de-logement-dans-la-deuxieme-annee-qui-suit-l-551570,http://www.data.gouv.fr/api/3/action/package_show?id=111-pourcentage-de-personnes-souhaitant-changer-de-logement-dans-la-deuxieme-annee-qui-suit-l-551570,"
XLS: http://static.data.gouv.fr/ec/518a50b151cb356af9b403a69169c07cf58854d8316c28b7868af2bf08409f.xls

Consultation en ligne La mobilité résidentielle des nouveaux migrants
: http://www.immigration.gouv.fr/IMG/pdf/IM_21_022011.pdf","",,,0,"",societe,Country/FR/FRANCE,,2011-01-01,2011-12-31,Licence Ouverte / Open Licence / http://www.data.gouv.fr/Licence-Ouverte-Open-Licence,2013-09-05T09:59:26.860874
92-repartition-des-projets-par-pays-et-comparatif-551546,92 - Répartition des projets par pays et comparatif,Développement solidaire : Présentation stratégique du projet annuel de performances (Les orientations de la politique de l’immigration),http://www.data.gouv.fr/fr/dataset/92-repartition-des-projets-par-pays-et-comparatif-551546,http://www.data.gouv.fr/api/3/action/package_show?id=92-repartition-des-projets-par-pays-et-comparatif-551546,"
XLS: http://static.data.gouv.fr/e3/3430c8da0e11786b933e81c04bdcb84cb94d22e8738aa9054839893cd32473.xls","",,,0,"",societe,Country/FR/FRANCE,,2009-01-01,2012-12-31,Licence Ouverte / Open Licence / http://www.data.gouv.fr/Licence-Ouverte-Open-Licence,2013-09-05T09:58:36.582482
